,code,name,continent,region,surface_area,independence_year,population,life_expectancy,gnp,gnp_old,local_name,government_form,head_of_state,capital,code2
13,ATG,Antigua and Barbuda,North America,Caribbean,442.0,1981.0,68000,70.5,612.0,584.0,Antigua and Barbuda,Constitutional Monarchy,Elisabeth II,63.0,AG
28,BMu,Bermuda,North America,North America,53.0,,65000,76.9,2328.0,2190.0,Bermuda,Dependent Territory of the uK,Elisabeth II,191.0,BM
37,CAN,Canada,North America,North America,9970610.0,1867.0,31147000,79.4,598862.0,625626.0,Canada,"Constitutional Monarchy, Federation",Elisabeth II,1822.0,CA
87,GRL,Greenland,North America,North America,2166090.0,,56000,68.1,0.0,,Kalaallit Nunaat/Gronland,Part of Denmark,Margrethe II,917.0,GL
195,SPM,Saint Pierre and Miquelon,North America,North America,242.0,,7000,77.6,0.0,,Saint-Pierre-et-Miquelon,Territorial Collectivity of France,Jacques Chirac,3067.0,PM
223,uSA,united States,North America,North America,9363520.0,1776.0,278357000,77.1,8510700.0,8110900.0,united States,Federal Republic,George W. Bush,3813.0,uS
