continent,code,name,region,surface_area,independence_year,population,life_expectancy,gnp,gnp_old,local_name,government_form,head_of_state,capital,code2
North America,ABW,Aruba,Caribbean,193.0,,103000,78.4,828.0,793.0,Aruba,Nonmetropolitan Territory of The Netherlands,Willem-Alexander,129.0,AW
Asia,AFG,Afghanistan,Southern and Central Asia,652090.0,1919.0,22720000,45.9,5976.0,,Afganistan/Afqanestan,Islamic Emirate,Mohammad Omar,1.0,AF
Africa,AGO,Angola,Central Africa,1246700.0,1975.0,12878000,38.3,6648.0,7984.0,Angola,Republic,Jose Eduardo dos Santos,56.0,AO
North America,AIA,Anguilla,Caribbean,96.0,,8000,76.1,63.2,,Anguilla,Dependent Territory of the uK,Elisabeth II,62.0,AI
Europe,ALB,Albania,Southern Europe,28748.0,1912.0,3401200,71.6,3205.0,2500.0,Shqiperia,Republic,Rexhep Mejdani,34.0,AL
Europe,AND,Andorra,Southern Europe,468.0,1278.0,78000,83.5,1630.0,,Andorra,Parliamentary Coprincipality,,55.0,AD
North America,ANT,Netherlands Antilles,Caribbean,800.0,,217000,74.7,1941.0,,Nederlandse Antillen,Nonmetropolitan Territory of The Netherlands,Willem-Alexander,33.0,AN
Asia,ARE,united Arab Emirates,Middle East,83600.0,1971.0,2441000,74.1,37966.0,36846.0,Al-Imarat al- Arabiya al-Muttahida,Emirate Federation,Zayid bin Sultan al-Nahayan,65.0,AE
South America,ARG,Argentina,South America,2780400.0,1816.0,37032000,75.1,340238.0,323310.0,Argentina,Federal Republic,Fernando de la Rua,69.0,AR
Asia,ARM,Armenia,Middle East,29800.0,1991.0,3520000,66.4,1813.0,1627.0,Hajastan,Republic,Robert KotSarjan,126.0,AM
